date,state,area,prominent_pollutants,aqi_value,air_quality_status,main_pollutant
2026-10-04,Tripura,Agartala,PM10,183,Moderate,PM10
2026-10-04,Uttar Pradesh,Agra,PM10,94,Satisfactory,PM10
2026-10-04,Gujarat,Ahmedabad,PM10,107,Moderate,PM10
2026-10-04,Maharashtra,Ahmednagar,PM10,76,Satisfactory,PM10
2026-10-04,Rajasthan,Ajmer,PM10,88,Satisfactory,PM10
2026-10-04,Maharashtra,Akola,PM10,64,Satisfactory,PM10
2026-10-04,Rajasthan,Alwar,UNKNOWN,70,Satisfactory,UNKNOWN
2026-10-04,Andhra Pradesh,Amaravati,PM10,66,Satisfactory,PM10
2026-10-04,Haryana,Ambala,PM2.5,169,Moderate,PM2.5
2026-10-04,Maharashtra,Ambernath,PM10,136,Moderate,PM10
2026-10-04,Maharashtra,Amravati,PM10,92,Satisfactory,PM10
2026-10-04,Punjab,Amritsar,PM10,76,Satisfactory,PM10
2026-10-04,Andhra Pradesh,Anantapur,PM10,79,Satisfactory,PM10
2026-10-04,Odisha,Angul,O3,128,Moderate,O3
2026-10-04,Gujarat,Ankleshwar,PM10,130,Moderate,PM10
2026-10-04,Bihar,Araria,PM2.5,128,Moderate,PM2.5
2026-10-04,West Bengal,Asansol,PM2.5 PM10,96,Satisfactory,PM2.5
2026-10-04,Maharashtra,Aurangabad (Maharashtra),UNKNOWN,91,Satisfactory,UNKNOWN
2026-10-04,Himachal Pradesh,Baddi,PM2.5,184,Moderate,PM2.5
2026-10-04,Maharashtra,Badlapur,CO,38,Good,CO
2026-10-04,Uttar Pradesh,Baghpat,PM10,212,Poor,PM10
2026-10-04,Haryana,Bahadurgarh,PM10,189,Moderate,PM10
2026-10-04,Odisha,Balasore,PM10,101,Moderate,PM10
2026-10-04,Haryana,Ballabgarh,PM2.5,98,Satisfactory,PM2.5
2026-10-04,Rajasthan,Banswara,PM10,73,Satisfactory,PM10
2026-10-04,Rajasthan,Baran,PM10,71,Satisfactory,PM10
2026-10-04,Odisha,Barbil,CO,97,Satisfactory,CO
2026-10-04,Uttar Pradesh,Bareilly,PM10,132,Moderate,PM10
2026-10-04,Odisha,Baripada,PM2.5,135,Moderate,PM2.5
2026-10-04,Rajasthan,Barmer,PM10,74,Satisfactory,PM10
2026-10-04,West Bengal,Barrackpore,PM2.5,123,Moderate,PM2.5
2026-10-04,Punjab,Bathinda,PM10,97,Satisfactory,PM10
2026-10-04,Maharashtra,Beed,PM10,69,Satisfactory,PM10
2026-10-04,Bihar,Begusarai,PM2.5,91,Satisfactory,PM2.5
2026-10-04,Maharashtra,Belapur,PM10,89,Satisfactory,PM10
2026-10-04,Karnataka,Bengaluru,PM10,90,Satisfactory,PM10
2026-10-04,Bihar,Bettiah,CO,32,Good,CO
2026-10-04,Bihar,Bhagalpur,PM10 CO,105,Moderate,PM10
2026-10-04,Rajasthan,Bharatpur,O3,88,Satisfactory,O3
2026-10-04,Gujarat,Bhavnagar,PM10,126,Moderate,PM10
2026-10-04,Chhattisgarh,Bhilai,PM10,57,Satisfactory,PM10
2026-10-04,Rajasthan,Bhilwara,PM10,83,Satisfactory,PM10
2026-10-04,Rajasthan,Bhiwadi,PM2.5 PM10,219,Poor,PM2.5
2026-10-04,Haryana,Bhiwani,PM10,120,Moderate,PM10
2026-10-04,Madhya Pradesh,Bhopal,PM10,101,Moderate,PM10
2026-10-04,Odisha,Bhubaneswar,O3,105,Moderate,O3
2026-10-04,Bihar,Bihar Sharif,PM10,80,Satisfactory,PM10
2026-10-04,Rajasthan,Bikaner,PM10,106,Moderate,PM10
2026-10-04,Chhattisgarh,Bilaspur,PM10,77,Satisfactory,PM10
2026-10-04,Odisha,Bileipada,PM10,122,Moderate,PM10
2026-10-04,Maharashtra,Boisar,PM10,93,Satisfactory,PM10
2026-10-04,Odisha,Brajrajnagar,PM10,155,Moderate,PM10
2026-10-04,Uttar Pradesh,Bulandshahr,PM10,260,Poor,PM10
2026-10-04,Rajasthan,Bundi,PM10,107,Moderate,PM10
2026-10-04,Assam,Byrnihat (Assam),PM2.5,95,Satisfactory,PM2.5
2026-10-04,Meghalaya,Byrnihat (Meghalaya),PM10,147,Moderate,PM10
2026-10-04,Karnataka,Chamarajanagar,PM10,45,Good,PM10
2026-10-04,Chandigarh,Chandigarh,PM10,89,Satisfactory,PM10
2026-10-04,Maharashtra,Chandrapur,PM2.5 PM10,166,Moderate,PM2.5
2026-10-04,Haryana,Charkhi Dadri,PM2.5,144,Moderate,PM2.5
2026-10-04,Tamil Nadu,Chennai,PM10,75,Satisfactory,PM10
2026-10-04,Karnataka,Chikkaballapur,PM10,58,Satisfactory,PM10
2026-10-04,Andhra Pradesh,Chittoor,PM2.5,76,Satisfactory,PM2.5
2026-10-04,Rajasthan,Chittorgarh,O3,97,Satisfactory,O3
2026-10-04,Rajasthan,Churu,PM10,96,Satisfactory,PM10
2026-10-04,Tamil Nadu,Coimbatore,PM2.5,69,Satisfactory,PM2.5
2026-10-04,Odisha,Cuttack,O3,135,Moderate,O3
2026-10-04,Madhya Pradesh,Damoh,PM10,48,Good,PM10
2026-10-04,Rajasthan,Dausa,PM10,139,Moderate,PM10
2026-10-04,Uttarakhand,Dehradun,PM10,99,Satisfactory,PM10
2026-10-04,Delhi,Delhi,PM10,187,Moderate,PM10
2026-10-04,Madhya Pradesh,Dewas,PM10,120,Moderate,PM10
2026-10-04,Haryana,Dharuhera,PM2.5,151,Moderate,PM2.5
2026-10-04,Karnataka,Dharwad,CO,68,Satisfactory,CO
2026-10-04,Maharashtra,Dhule,PM10,65,Satisfactory,PM10
2026-10-04,Maharashtra,Dombivli,PM10,134,Moderate,PM10
2026-10-04,Rajasthan,Dungarpur,PM10,60,Satisfactory,PM10
2026-10-04,West Bengal,Durgapur,PM2.5 PM10 CO,99,Satisfactory,PM2.5
2026-10-04,Andhra Pradesh,Eluru,PM10,61,Satisfactory,PM10
2026-10-04,Haryana,Faridabad,PM10,224,Poor,PM10
2026-10-04,Haryana,Fatehabad,PM10,121,Moderate,PM10
2026-10-04,Uttar Pradesh,Fatehpur Sikri,PM10,132,Moderate,PM10
2026-10-04,Uttar Pradesh,Firozabad,PM10,78,Satisfactory,PM10
2026-10-04,,Gajraula,PM2.5,255,Poor,PM2.5
2026-10-04,Gujarat,Gandhinagar,PM10,100,Satisfactory,PM10
2026-10-04,Sikkim,Gangtok,PM2.5,43,Good,PM2.5
2026-10-04,Bihar,Gaya,PM10,94,Satisfactory,PM10
2026-10-04,Uttar Pradesh,Ghaziabad,PM2.5 PM10,248,Poor,PM2.5
2026-10-04,Uttar Pradesh,Gorakhpur,PM10,140,Moderate,PM10
2026-10-04,Uttar Pradesh,Greater Noida,PM2.5,171,Moderate,PM2.5
2026-10-04,Tamil Nadu,Gummidipoondi,PM2.5,166,Moderate,PM2.5
2026-10-04,Andhra Pradesh,Guntur,PM10,59,Satisfactory,PM10
2026-10-04,Haryana,Gurugram,PM10,166,Moderate,PM10
2026-10-04,Assam,Guwahati,CO,73,Satisfactory,CO
2026-10-04,Madhya Pradesh,Gwalior,PM10,111,Moderate,PM10
2026-10-04,Bihar,Hajipur,PM2.5,125,Moderate,PM2.5
2026-10-04,West Bengal,Haldia,PM10,105,Moderate,PM10
2026-10-04,Rajasthan,Hanumangarh,PM10,103,Moderate,PM10
2026-10-04,Uttar Pradesh,Hapur,PM2.5,222,Poor,PM2.5
2026-10-04,Maharashtra,Hingoli,PM2.5,122,Moderate,PM2.5
2026-10-04,Haryana,Hisar,PM2.5,138,Moderate,PM2.5
2026-10-04,West Bengal,Howrah,PM2.5,141,Moderate,PM2.5
2026-10-04,Karnataka,Hubballi,PM10,51,Satisfactory,PM10
2026-10-04,Telangana,Hyderabad,PM10,73,Satisfactory,PM10
2026-10-04,Madhya Pradesh,Indore,PM10,56,Satisfactory,PM10
2026-10-04,Madhya Pradesh,Jabalpur,PM10,86,Satisfactory,PM10
2026-10-04,Rajasthan,Jaipur,PM10 NO2,105,Moderate,PM10
2026-10-04,Rajasthan,Jaisalmer,PM10,110,Moderate,PM10
2026-10-04,Punjab,Jalandhar,PM2.5,114,Moderate,PM2.5
2026-10-04,Maharashtra,Jalgaon,O3,65,Satisfactory,O3
2026-10-04,Maharashtra,Jalna,PM10,113,Moderate,PM10
2026-10-04,Rajasthan,Jalore,PM10,70,Satisfactory,PM10
2026-10-04,Rajasthan,Jhalawar,PM10,92,Satisfactory,PM10
2026-10-04,Uttar Pradesh,Jhansi,PM10,71,Satisfactory,PM10
2026-10-04,Rajasthan,Jhunjhunu,PM10,93,Satisfactory,PM10
2026-10-04,Rajasthan,Jodhpur,PM10,82,Satisfactory,PM10
2026-10-04,Jharkhand,Jorapokhar,PM10,105,Moderate,PM10
2026-10-04,Andhra Pradesh,Kadapa,PM2.5,64,Satisfactory,PM2.5
2026-10-04,Haryana,Kaithal,SO2,31,Good,SO2
2026-10-04,,Kakinada,CO,62,Satisfactory,CO
2026-10-04,Karnataka,Kalaburagi,PM10,40,Good,PM10
2026-10-04,Maharashtra,Kalyan,PM10,94,Satisfactory,PM10
2026-10-04,Kerala,Kannur,PM2.5,77,Satisfactory,PM2.5
2026-10-04,Uttar Pradesh,Kanpur,PM2.5 PM10,117,Moderate,PM2.5
2026-10-04,Rajasthan,Karauli,O3,60,Satisfactory,O3
2026-10-04,Haryana,Karnal,PM2.5,49,Good,PM2.5
2026-10-04,Uttarakhand,Kashipur,PM2.5,98,Satisfactory,PM2.5
2026-10-04,Bihar,Katihar,CO,63,Satisfactory,CO
2026-10-04,Odisha,Keonjhar,PM10,86,Satisfactory,PM10
2026-10-04,Punjab,Khanna,PM10,66,Satisfactory,PM10
2026-10-04,Uttar Pradesh,Khora,PM2.5,187,Moderate,PM2.5
2026-10-04,Uttar Pradesh,Khurja,PM10,151,Moderate,PM10
2026-10-04,Bihar,Kishanganj,PM2.5,78,Satisfactory,PM2.5
2026-10-04,Nagaland,Kohima,SO2,61,Satisfactory,SO2
2026-10-04,Maharashtra,Kolhapur,PM10,49,Good,PM10
2026-10-04,West Bengal,Kolkata,PM2.5,137,Moderate,PM2.5
2026-10-04,Chhattisgarh,Korba,PM10,77,Satisfactory,PM10
2026-10-04,Rajasthan,Kota,PM10,82,Satisfactory,PM10
2026-10-04,Chhattisgarh,Kunjemura,PM10,89,Satisfactory,PM10
2026-10-04,,Kurnool,PM2.5,50,Good,PM2.5
2026-10-04,Haryana,Kurukshetra,PM10,166,Moderate,PM10
2026-10-04,Maharashtra,Latur,PM10,77,Satisfactory,PM10
2026-10-04,Uttar Pradesh,Lucknow,PM2.5 PM10,117,Moderate,PM2.5
2026-10-04,Punjab,Ludhiana,PM10,104,Moderate,PM10
2026-10-04,Andhra Pradesh,Machilipatnam,PM10,62,Satisfactory,PM10
2026-10-04,Karnataka,Madikeri,PM2.5,50,Good,PM2.5
2026-10-04,Maharashtra,Mahad,PM10,60,Satisfactory,PM10
2026-10-04,Madhya Pradesh,Maihar,NO2,81,Satisfactory,NO2
2026-10-04,Maharashtra,Malegaon,PM10,65,Satisfactory,PM10
2026-10-04,Madhya Pradesh,Mandideep,PM10,149,Moderate,PM10
2026-10-04,Punjab,Mandi Gobindgarh,PM2.5,149,Moderate,PM2.5
2026-10-04,Haryana,Mandikhera,PM10,51,Satisfactory,PM10
2026-10-04,Karnataka,Mangalore,PM10,53,Satisfactory,PM10
2026-10-04,Bihar,Manguraha,PM10,126,Moderate,PM10
2026-10-04,Uttar Pradesh,Mathura,PM2.5,160,Moderate,PM2.5
2026-10-04,Uttar Pradesh,Meerut,PM2.5 PM10,208,Poor,PM2.5
2026-10-04,Gujarat,Mehsana,PM10,82,Satisfactory,PM10
2026-10-04,Chhattisgarh,Milupara,PM10,84,Satisfactory,PM10
2026-10-04,Maharashtra,Mira-Bhayandar,PM10,65,Satisfactory,PM10
2026-10-04,Uttar Pradesh,Modinagar,PM2.5,210,Poor,PM2.5
2026-10-04,Uttar Pradesh,Moradabad,PM2.5 PM10,180,Moderate,PM2.5
2026-10-04,Bihar,Motihari,PM2.5,153,Moderate,PM2.5
2026-10-04,Maharashtra,Mumbai,PM10,92,Satisfactory,PM10
2026-10-04,Uttar Pradesh,Muzaffarnagar,PM10,196,Moderate,PM10
2026-10-04,Bihar,Muzaffarpur,UNKNOWN,95,Satisfactory,UNKNOWN
2026-10-04,Assam,Nagaon,PM2.5,53,Satisfactory,PM2.5
2026-10-04,Rajasthan,Nagaur,PM10,115,Moderate,PM10
2026-10-04,Maharashtra,Nagpur,PM10,101,Moderate,PM10
2026-10-04,Arunachal Pradesh,Naharlagun,PM10,39,Good,PM10
2026-10-04,Assam,Nalbari,PM2.5,59,Satisfactory,PM2.5
2026-10-04,Maharashtra,Nanded,O3,109,Moderate,O3
2026-10-04,Gujarat,Nandesari,NO2,94,Satisfactory,NO2
2026-10-04,Haryana,Narnaul,PM10,120,Moderate,PM10
2026-10-04,Maharashtra,Nashik,PM10,79,Satisfactory,PM10
2026-10-04,Maharashtra,Navi Mumbai,PM2.5 PM10,90,Satisfactory,PM2.5
2026-10-04,Andhra Pradesh,Nellore,PM10,54,Satisfactory,PM10
2026-10-04,Uttar Pradesh,Noida,PM10,281,Poor,PM10
2026-10-04,Rajasthan,Pali,PM2.5,61,Satisfactory,PM2.5
2026-10-04,Jammu and Kashmir,Pampore,PM10,73,Satisfactory,PM10
2026-10-04,Haryana,Panchgaon,O3,54,Satisfactory,O3
2026-10-04,Haryana,Panchkula,PM2.5,63,Satisfactory,PM2.5
2026-10-04,,Paradeep,PM10,144,Moderate,PM10
2026-10-04,Maharashtra,Parbhani,PM10,136,Moderate,PM10
2026-10-04,Punjab,Patiala,PM10,119,Moderate,PM10
2026-10-04,Bihar,Patna,PM10,90,Satisfactory,PM10
2026-10-04,Maharashtra,Pimpri-Chinchwad,PM10,99,Satisfactory,PM10
2026-10-04,Madhya Pradesh,Pithampur,PM10,135,Moderate,PM10
2026-10-04,Rajasthan,Pratapgarh,PM10,84,Satisfactory,PM10
2026-10-04,Uttar Pradesh,Prayagraj,PM10,59,Satisfactory,PM10
2026-10-04,Puducherry,Puducherry,PM2.5,46,Good,PM2.5
2026-10-04,Maharashtra,Pune,PM10,94,Satisfactory,PM10
2026-10-04,Bihar,Purnia,PM2.5,106,Moderate,PM2.5
2026-10-04,Uttar Pradesh,Raebareli,PM10 CO,73,Satisfactory,PM10
2026-10-04,Chhattisgarh,Raipur,PM10,57,Satisfactory,PM10
2026-10-04,Odisha,Rairangpur,PM10,111,Moderate,PM10
2026-10-04,Andhra Pradesh,Rajamahendravaram,PM10,86,Satisfactory,PM10
2026-10-04,Bihar,Rajgir,CO,41,Good,CO
2026-10-04,Gujarat,Rajkot,NO2,77,Satisfactory,NO2
2026-10-04,Rajasthan,Rajsamand,PM10,57,Satisfactory,PM10
2026-10-04,Madhya Pradesh,Ratlam,PM10,44,Good,PM10
2026-10-04,Uttarakhand,Rishikesh,CO,37,Good,CO
2026-10-04,Haryana,Rohtak,PM10,113,Moderate,PM10
2026-10-04,Odisha,Rourkela,PM10,74,Satisfactory,PM10
2026-10-04,Punjab,Rupnagar,CO,57,Satisfactory,CO
2026-10-04,Madhya Pradesh,Sagar,PM10,81,Satisfactory,PM10
2026-10-04,Bihar,Saharsa,PM10,268,Poor,PM10
2026-10-04,Bihar,Samastipur,PM2.5,114,Moderate,PM2.5
2026-10-04,Maharashtra,Sangli,PM10,79,Satisfactory,PM10
2026-10-04,Bihar,Sasaram,PM10,168,Moderate,PM10
2026-10-04,Maharashtra,Satara,PM10,101,Moderate,PM10
2026-10-04,Madhya Pradesh,Satna,PM10,70,Satisfactory,PM10
2026-10-04,Rajasthan,Sawai Madhopur,PM10,132,Moderate,PM10
2026-10-04,,Shamli,PM2.5,212,Poor,PM2.5
2026-10-04,Meghalaya,Shillong,O3,49,Good,O3
2026-10-04,Rajasthan,Sikar,PM10,130,Moderate,PM10
2026-10-04,Assam,Silchar,PM2.5,47,Good,PM2.5
2026-10-04,West Bengal,Siliguri,PM10,37,Good,PM10
2026-10-04,Rajasthan,Sirohi,O3,69,Satisfactory,O3
2026-10-04,Haryana,Sirsa,PM10,166,Moderate,PM10
2026-10-04,Assam,Sivasagar,O3,52,Satisfactory,O3
2026-10-04,Bihar,Siwan,PM10,78,Satisfactory,PM10
2026-10-04,Maharashtra,Solapur,PM2.5 PM10,87,Satisfactory,PM2.5
2026-10-04,Haryana,Sonipat,PM10,92,Satisfactory,PM10
2026-10-04,Rajasthan,Sri Ganganagar,PM10,141,Moderate,PM10
2026-10-04,Jammu and Kashmir,Srinagar,PM10,78,Satisfactory,PM10
2026-10-04,Gujarat,Surat,PM10,115,Moderate,PM10
2026-10-04,Odisha,Talcher,PM10,165,Moderate,PM10
2026-10-04,Odisha,Tensa,PM10,109,Moderate,PM10
2026-10-04,Maharashtra,Thane,PM10,87,Satisfactory,PM10
2026-10-04,Kerala,Thiruvananthapuram,PM10,50,Good,PM10
2026-10-04,Tamil Nadu,Thoothukudi,PM10,66,Satisfactory,PM10
2026-10-04,Andhra Pradesh,Tirumala,PM10,63,Satisfactory,PM10
2026-10-04,Andhra Pradesh,Tirupati,PM10,80,Satisfactory,PM10
2026-10-04,Rajasthan,Tonk,PM10,134,Moderate,PM10
2026-10-04,Chhattisgarh,Tumidih,PM10,87,Satisfactory,PM10
2026-10-04,Rajasthan,Udaipur,PM10,108,Moderate,PM10
2026-10-04,Madhya Pradesh,Ujjain,O3,92,Satisfactory,O3
2026-10-04,Maharashtra,Ulhasnagar,PM10,106,Moderate,PM10
2026-10-04,Gujarat,Vadodara,PM10,100,Satisfactory,PM10
2026-10-04,Gujarat,Vapi,PM10,63,Satisfactory,PM10
2026-10-04,Uttar Pradesh,Varanasi,PM2.5 PM10,123,Moderate,PM2.5
2026-10-04,Gujarat,Vatva,CO,109,Moderate,CO
2026-10-04,Andhra Pradesh,Vijayawada,PM10 CO,44,Good,PM10
2026-10-04,Maharashtra,Virar,PM10,65,Satisfactory,PM10
2026-10-04,Uttar Pradesh,Vrindavan,PM10,177,Moderate,PM10
2026-10-04,Karnataka,Yadgir,PM10,97,Satisfactory,PM10
