date,area,prominent_pollutants,aqi_value,air_quality_status
2026-09-29,Agartala,PM 10,136,Moderate
2026-09-29,Agra,PM 10,60,Satisfactory
2026-09-29,Ahmedabad,PM 10,106,Moderate
2026-09-29,Ahmednagar,O 3,44,Good
2026-09-29,Aizawl,PM 10,34,Good
2026-09-29,Ajmer,PM 10,103,Moderate
2026-09-29,Akola,PM 10,39,Good
2026-09-29,Alwar,"CO, O 3",66,Satisfactory
2026-09-29,Amaravati,PM 10,100,Satisfactory
2026-09-29,Ambala,PM 10,76,Satisfactory
2026-09-29,Ambernath,PM 10,115,Moderate
2026-09-29,Amravati,PM 10,62,Satisfactory
2026-09-29,Amritsar,PM 10,71,Satisfactory
2026-09-29,Anantapur,PM 10,64,Satisfactory
2026-09-29,Angul,O 3,104,Moderate
2026-09-29,Ankleshwar,PM 10,70,Satisfactory
2026-09-29,Araria,PM 10,93,Satisfactory
2026-09-29,Arrah,CO,55,Satisfactory
2026-09-29,Asansol,"PM , PM 10 2.5",86,Satisfactory
2026-09-29,"Aurangabad
(Maharashtra)",PM 10,60,Satisfactory
2026-09-29,Baddi,PM 10,105,Moderate
2026-09-29,Badlapur,PM 10,37,Good
2026-09-29,Baghpat,PM 10,71,Satisfactory
2026-09-29,Bahadurgarh,PM 10,66,Satisfactory
2026-09-29,Balasore,O 3,66,Satisfactory
2026-09-29,Ballabgarh,PM 10,95,Satisfactory
2026-09-29,Banswara,PM 10,68,Satisfactory
2026-09-29,Barbil,O 3,63,Satisfactory
2026-09-29,Bareilly,"PM , CO 10",85,Satisfactory
2026-09-29,Baripada,PM 10,110,Moderate
2026-09-29,Barmer,PM 10,88,Satisfactory
2026-09-29,Barrackpore,PM 10,79,Satisfactory
2026-09-29,Bathinda,PM 10,37,Good
2026-09-29,Beed,PM 10,36,Good
2026-09-29,Begusarai,PM 2.5,58,Satisfactory
2026-09-29,Belapur,PM 10,58,Satisfactory
2026-09-29,Bengaluru,"PM , O 10 3",72,Satisfactory
2026-09-29,Bettiah,NO2,27,Good
2026-09-29,Bhagalpur,"SO2, PM 10",51,Satisfactory
2026-09-29,Bharatpur,O 3,78,Satisfactory
2026-09-29,Bhavnagar,PM 10,68,Satisfactory
2026-09-29,Bhilai,PM 10,53,Satisfactory
2026-09-29,Bhilwara,PM 10,99,Satisfactory
2026-09-29,Bhiwadi,PM 10,92,Satisfactory
2026-09-29,Bhiwandi,PM 10,77,Satisfactory
2026-09-29,Bhiwani,CO,48,Good
2026-09-29,Bhopal,PM 10,98,Satisfactory
2026-09-29,Bhubaneswar,O 3,104,Moderate
2026-09-29,Bihar sharif,PM 10,68,Satisfactory
2026-09-29,Bikaner,PM 10,227,Poor
2026-09-29,Bilaspur,PM 10,69,Satisfactory
2026-09-29,Bileipada,PM 10,160,Moderate
2026-09-29,Boisar,PM 10,78,Satisfactory
2026-09-29,Brajrajnagar,PM 10,113,Moderate
2026-09-29,Bulandshahr,PM 10,93,Satisfactory
2026-09-29,Bundi,PM 10,85,Satisfactory
2026-09-29,Byasanagar,PM 2.5,87,Satisfactory
2026-09-29,Byrnihat (Assam),PM 2.5,96,Satisfactory
2026-09-29,Byrnihat (Meghalaya),PM 10,149,Moderate
2026-09-29,Chamarajanagar,PM 10,41,Good
2026-09-29,Chandigarh,"CO, O 3",28,Good
2026-09-29,Chandrapur,PM 10,116,Moderate
2026-09-29,Charkhi dadri,PM 2.5,52,Satisfactory
2026-09-29,Chennai,PM 10,91,Satisfactory
2026-09-29,Chhal,PM 10,80,Satisfactory
2026-09-29,Chhapra,PM 10,111,Moderate
2026-09-29,Chikkaballapur,PM 2.5,53,Satisfactory
2026-09-29,Chittoor,PM 10,70,Satisfactory
2026-09-29,Chittorgarh,PM 10,86,Satisfactory
2026-09-29,Churu,PM 10,116,Moderate
2026-09-29,Cuttack,O 3,143,Moderate
2026-09-29,Dausa,PM 10,93,Satisfactory
2026-09-29,Dehradun,O 3,32,Good
2026-09-29,Delhi,"O , PM 3 10",71,Satisfactory
2026-09-29,Dewas,PM 10,85,Satisfactory
2026-09-29,Dharuhera,PM 2.5,75,Satisfactory
2026-09-29,Dharwad,CO,83,Satisfactory
2026-09-29,Dholpur,PM 10,47,Good
2026-09-29,Dhule,PM 10,45,Good
2026-09-29,Dombivli,CO,93,Satisfactory
2026-09-29,Dungarpur,PM 10,62,Satisfactory
2026-09-29,Durgapur,"CO, PM 10",86,Satisfactory
2026-09-29,Eloor,CO,109,Moderate
2026-09-29,Eluru,PM 10,58,Satisfactory
2026-09-29,Faridabad,PM 10,97,Satisfactory
2026-09-29,Fatehabad,O 3,71,Satisfactory
2026-09-29,Firozabad,PM 10,42,Good
2026-09-29,Gadag,CO,77,Satisfactory
2026-09-29,Gajraula,CO,98,Satisfactory
2026-09-29,Gandhinagar,"PM , PM 2.5 10",92,Satisfactory
2026-09-29,Gangtok,PM 2.5,29,Good
2026-09-29,Gaya,"PM , PM 10 2.5",95,Satisfactory
2026-09-29,Ghaziabad,"PM , CO 2.5",88,Satisfactory
2026-09-29,Gorakhpur,PM 2.5,149,Moderate
2026-09-29,Greater noida,PM 10,93,Satisfactory
2026-09-29,Gummidipoondi,PM 2.5,196,Moderate
2026-09-29,Guntur,PM 10,59,Satisfactory
2026-09-29,Gurugram,"PM , PM 2.5 10",89,Satisfactory
2026-09-29,Guwahati,"PM , CO, PM 10 2.5",71,Satisfactory
2026-09-29,Gwalior,"PM , O 10 3",70,Satisfactory
2026-09-29,Hajipur,PM 10,80,Satisfactory
2026-09-29,Haldia,PM 10,79,Satisfactory
2026-09-29,Hanumangarh,PM 10,59,Satisfactory
2026-09-29,Hapur,PM 10,44,Good
2026-09-29,Haveri,CO,57,Satisfactory
2026-09-29,Hingoli,O 3,85,Satisfactory
2026-09-29,Hisar,PM 2.5,60,Satisfactory
2026-09-29,Howrah,"PM , PM 2.5 10",104,Moderate
2026-09-29,Hubballi,PM 10,51,Satisfactory
2026-09-29,Hyderabad,"PM , PM 10 2.5",59,Satisfactory
2026-09-29,Indore,"O , SO2, PM 3 10",51,Satisfactory
2026-09-29,Jabalpur,"CO, PM , O 10 3",81,Satisfactory
2026-09-29,Jaipur,PM 10,97,Satisfactory
2026-09-29,Jaisalmer,PM 10,82,Satisfactory
2026-09-29,Jalandhar,PM 2.5,64,Satisfactory
2026-09-29,Jalgaon,PM 2.5,52,Satisfactory
2026-09-29,Jalna,PM 10,76,Satisfactory
2026-09-29,Jalore,PM 10,91,Satisfactory
2026-09-29,Jhalawar,PM 10,80,Satisfactory
2026-09-29,Jhansi,PM 10,74,Satisfactory
2026-09-29,Jhunjhunu,PM 10,101,Moderate
2026-09-29,Jodhpur,PM 10,106,Moderate
2026-09-29,Jorapokhar,PM 10,99,Satisfactory
2026-09-29,Kadapa,PM 2.5,58,Satisfactory
2026-09-29,Kaithal,PM 10,84,Satisfactory
2026-09-29,Kakinada,O 3,56,Satisfactory
2026-09-29,Kalaburagi,CO,33,Good
2026-09-29,Kalyan,PM 10,76,Satisfactory
2026-09-29,Kanpur,"PM , PM 10 2.5",79,Satisfactory
2026-09-29,Karauli,O 3,59,Satisfactory
2026-09-29,Karnal,PM 10,75,Satisfactory
2026-09-29,Katihar,CO,90,Satisfactory
2026-09-29,Katni,PM 10,123,Moderate
2026-09-29,Keonjhar,PM 10,45,Good
2026-09-29,Khairthal,CO,86,Satisfactory
2026-09-29,Khanna,PM 10,65,Satisfactory
2026-09-29,Khora,PM 10,113,Moderate
2026-09-29,Khurja,PM 10,64,Satisfactory
2026-09-29,Kishanganj,PM 2.5,66,Satisfactory
2026-09-29,Kohima,SO2,65,Satisfactory
2026-09-29,Kolhapur,"CO, O 3",36,Good
2026-09-29,Kolkata,"PM , PM 10 2.5",104,Moderate
2026-09-29,Korba,PM 10,79,Satisfactory
2026-09-29,Kota,PM 10,87,Satisfactory
2026-09-29,Kunjemura,PM 10,127,Moderate
2026-09-29,Kurnool,PM 2.5,70,Satisfactory
2026-09-29,Kurukshetra,PM 10,62,Satisfactory
2026-09-29,Latur,PM 10,38,Good
2026-09-29,Lucknow,"PM , PM 2.5 10",80,Satisfactory
2026-09-29,Ludhiana,PM 10,56,Satisfactory
2026-09-29,Machilipatnam,PM 10,59,Satisfactory
2026-09-29,Madikeri,PM 2.5,17,Good
2026-09-29,Mahad,PM 10,69,Satisfactory
2026-09-29,Malegaon,PM 10,60,Satisfactory
2026-09-29,Mandideep,PM 10,129,Moderate
2026-09-29,Mandi gobindgarh,PM 10,122,Moderate
2026-09-29,Mandikhera,NO2,34,Good
2026-09-29,Manesar,PM 2.5,49,Good
2026-09-29,Manguraha,PM 10,90,Satisfactory
2026-09-29,Mathura,PM 10,57,Satisfactory
2026-09-29,Meerut,"O , PM 3 10",84,Satisfactory
2026-09-29,Mehsana,PM 2.5,103,Moderate
2026-09-29,Milupara,PM 10,39,Good
2026-09-29,Moradabad,PM 10,70,Satisfactory
2026-09-29,Motihari,O 3,55,Satisfactory
2026-09-29,Mumbai,PM 10,51,Satisfactory
2026-09-29,Muzaffarnagar,PM 2.5,40,Good
2026-09-29,Muzaffarpur,"PM , O 10 3",67,Satisfactory
2026-09-29,Nagaon,PM 2.5,61,Satisfactory
2026-09-29,Nagaur,PM 10,133,Moderate
2026-09-29,Nagpur,"PM , PM 10 2.5",61,Satisfactory
2026-09-29,Naharlagun,PM 10,52,Satisfactory
2026-09-29,Nalbari,PM 2.5,58,Satisfactory
2026-09-29,Nandesari,PM 10,61,Satisfactory
2026-09-29,Nashik,PM 10,66,Satisfactory
2026-09-29,Navi mumbai,PM 10,55,Satisfactory
2026-09-29,Nayagarh,PM 2.5,37,Good
2026-09-29,Nellore,PM 10,74,Satisfactory
2026-09-29,Noida,"O , PM 3 10",88,Satisfactory
2026-09-29,Pali,PM 10,147,Moderate
2026-09-29,Palwal,PM 10,159,Moderate
2026-09-29,Panchgaon,O 3,53,Satisfactory
2026-09-29,Panchkula,PM 2.5,49,Good
2026-09-29,Panipat,PM 2.5,117,Moderate
2026-09-29,Paradeep,CO,92,Satisfactory
2026-09-29,Parbhani,PM 10,89,Satisfactory
2026-09-29,Patiala,PM 10,46,Good
2026-09-29,Patna,"PM , PM 10 2.5",92,Satisfactory
2026-09-29,Pimpri-chinchwad,PM 10,81,Satisfactory
2026-09-29,Pithampur,PM 10,130,Moderate
2026-09-29,Pratapgarh,O 3,67,Satisfactory
2026-09-29,Prayagraj,"PM , O 10 3",72,Satisfactory
2026-09-29,Puducherry,O 3,63,Satisfactory
2026-09-29,Pune,PM 10,80,Satisfactory
2026-09-29,Purnia,PM 2.5,89,Satisfactory
2026-09-29,Raebareli,PM 10,74,Satisfactory
2026-09-29,Raipur,PM 10,61,Satisfactory
2026-09-29,Rairangpur,PM 10,73,Satisfactory
2026-09-29,Rajamahendravaram,PM 10,53,Satisfactory
2026-09-29,Rajgir,CO,41,Good
2026-09-29,Rajkot,PM 10,82,Satisfactory
2026-09-29,Rajsamand,PM 10,80,Satisfactory
2026-09-29,Ramanagara,PM 10,63,Satisfactory
2026-09-29,Ratlam,PM 10,34,Good
2026-09-29,Rishikesh,CO,37,Good
2026-09-29,Rohtak,PM 2.5,66,Satisfactory
2026-09-29,Rourkela,"PM , PM 10 2.5",49,Good
2026-09-29,Rupnagar,CO,55,Satisfactory
2026-09-29,Sagar,PM 10,97,Satisfactory
2026-09-29,Saharsa,PM 10,83,Satisfactory
2026-09-29,Samastipur,PM 2.5,45,Good
2026-09-29,Sangli,PM 2.5,47,Good
2026-09-29,Sasaram,PM 10,102,Moderate
2026-09-29,Satara,PM 10,88,Satisfactory
2026-09-29,Satna,PM 10,71,Satisfactory
2026-09-29,Sawai madhopur,PM 10,71,Satisfactory
2026-09-29,Shamli,PM 10,55,Satisfactory
2026-09-29,Sikar,PM 10,128,Moderate
2026-09-29,Silchar,PM 10,53,Satisfactory
2026-09-29,Siliguri,PM 10,48,Good
2026-09-29,Sirohi,PM 10,69,Satisfactory
2026-09-29,Sirsa,CO,85,Satisfactory
2026-09-29,Sivasagar,O 3,60,Satisfactory
2026-09-29,Siwan,CO,64,Satisfactory
2026-09-29,Solapur,PM 10,47,Good
2026-09-29,Sonipat,SO2,73,Satisfactory
2026-09-29,Sri ganganagar,PM 2.5,61,Satisfactory
2026-09-29,Srinagar,PM 10,56,Satisfactory
2026-09-29,Surat,"PM , CO 10",65,Satisfactory
2026-09-29,Talcher,PM 2.5,118,Moderate
2026-09-29,Tensa,PM 10,127,Moderate
2026-09-29,Thane,PM 10,58,Satisfactory
2026-09-29,Thiruvananthapuram,PM 10,48,Good
2026-09-29,Thoothukudi,PM 10,65,Satisfactory
2026-09-29,Thrissur,PM 10,52,Satisfactory
2026-09-29,Tirumala,NO2,79,Satisfactory
2026-09-29,Tonk,PM 10,135,Moderate
2026-09-29,Tumidih,PM 2.5,69,Satisfactory
2026-09-29,Udaipur,PM 10,106,Moderate
2026-09-29,Udupi,CO,45,Good
2026-09-29,Ujjain,O 3,76,Satisfactory
2026-09-29,Ulhasnagar,"PM , PM 10 2.5",95,Satisfactory
2026-09-29,Vadodara,CO,86,Satisfactory
2026-09-29,Vapi,PM 10,62,Satisfactory
2026-09-29,Varanasi,"PM , PM 2.5 10",99,Satisfactory
2026-09-29,Vatva,PM 10,122,Moderate
2026-09-29,Vijayawada,PM 10,72,Satisfactory
2026-09-29,Virar,PM 10,28,Good
2026-09-29,Visakhapatnam,PM 10,109,Moderate
2026-09-29,Vrindavan,"CO, PM 2.5",102,Moderate
2026-09-29,Yadgir,PM 10,65,Satisfactory
2026-09-29,Yamuna nagar,O 3,63,Satisfactory
