date,state,area,prominent_pollutants,aqi_value,air_quality_status
2026-10-04,Tripura,Agartala,PM 10,183,Moderate
2026-10-04,Uttar Pradesh,Agra,PM 10,94,Satisfactory
2026-10-04,Gujarat,Ahmedabad,PM 10,107,Moderate
2026-10-04,Maharashtra,Ahmednagar,PM 10,76,Satisfactory
2026-10-04,Rajasthan,Ajmer,PM 10,88,Satisfactory
2026-10-04,Maharashtra,Akola,PM 10,64,Satisfactory
2026-10-04,Rajasthan,Alwar,"PM , O 2.5 3",70,Satisfactory
2026-10-04,Andhra Pradesh,Amaravati,PM 10,66,Satisfactory
2026-10-04,Haryana,Ambala,PM 2.5,169,Moderate
2026-10-04,Maharashtra,Ambernath,PM 10,136,Moderate
2026-10-04,Maharashtra,Amravati,PM 10,92,Satisfactory
2026-10-04,Punjab,Amritsar,PM 10,76,Satisfactory
2026-10-04,Andhra Pradesh,Anantapur,PM 10,79,Satisfactory
2026-10-04,Odisha,Angul,O 3,128,Moderate
2026-10-04,Gujarat,Ankleshwar,PM 10,130,Moderate
2026-10-04,Bihar,Araria,PM 2.5,128,Moderate
2026-10-04,West Bengal,Asansol,"PM , PM 2.5 10",96,Satisfactory
2026-10-04,Maharashtra,Aurangabad (Maharashtra),"PM , O 2.5 3",91,Satisfactory
2026-10-04,Himachal Pradesh,Baddi,PM 2.5,184,Moderate
2026-10-04,Maharashtra,Badlapur,CO,38,Good
2026-10-04,Uttar Pradesh,Baghpat,PM 10,212,Poor
2026-10-04,Haryana,Bahadurgarh,PM 10,189,Moderate
2026-10-04,Odisha,Balasore,PM 10,101,Moderate
2026-10-04,Haryana,Ballabgarh,PM 2.5,98,Satisfactory
2026-10-04,Rajasthan,Banswara,PM 10,73,Satisfactory
2026-10-04,Rajasthan,Baran,PM 10,71,Satisfactory
2026-10-04,Odisha,Barbil,CO,97,Satisfactory
2026-10-04,Uttar Pradesh,Bareilly,PM 10,132,Moderate
2026-10-04,Odisha,Baripada,PM 2.5,135,Moderate
2026-10-04,Rajasthan,Barmer,PM 10,74,Satisfactory
2026-10-04,West Bengal,Barrackpore,PM 2.5,123,Moderate
2026-10-04,Punjab,Bathinda,PM 10,97,Satisfactory
2026-10-04,Maharashtra,Beed,PM 10,69,Satisfactory
2026-10-04,Bihar,Begusarai,PM 2.5,91,Satisfactory
2026-10-04,Maharashtra,Belapur,PM 10,89,Satisfactory
2026-10-04,Karnataka,Bengaluru,"PM , PM 10 2.5",90,Satisfactory
2026-10-04,Bihar,Bettiah,CO,32,Good
2026-10-04,Bihar,Bhagalpur,"CO, PM 10",105,Moderate
2026-10-04,Rajasthan,Bharatpur,O 3,88,Satisfactory
2026-10-04,Gujarat,Bhavnagar,PM 10,126,Moderate
2026-10-04,Chhattisgarh,Bhilai,PM 10,57,Satisfactory
2026-10-04,Rajasthan,Bhilwara,PM 10,83,Satisfactory
2026-10-04,Rajasthan,Bhiwadi,"PM , PM 2.5 10",219,Poor
2026-10-04,Haryana,Bhiwani,PM 10,120,Moderate
2026-10-04,Madhya Pradesh,Bhopal,PM 10,101,Moderate
2026-10-04,Odisha,Bhubaneswar,O 3,105,Moderate
2026-10-04,Bihar,Bihar Sharif,PM 10,80,Satisfactory
2026-10-04,Rajasthan,Bikaner,PM 10,106,Moderate
2026-10-04,Chhattisgarh,Bilaspur,PM 10,77,Satisfactory
2026-10-04,Odisha,Bileipada,PM 10,122,Moderate
2026-10-04,Maharashtra,Boisar,PM 10,93,Satisfactory
2026-10-04,Odisha,Brajrajnagar,PM 10,155,Moderate
2026-10-04,Uttar Pradesh,Bulandshahr,PM 10,260,Poor
2026-10-04,Rajasthan,Bundi,PM 10,107,Moderate
2026-10-04,Assam,Byrnihat (Assam),PM 2.5,95,Satisfactory
2026-10-04,Meghalaya,Byrnihat (Meghalaya),PM 10,147,Moderate
2026-10-04,Karnataka,Chamarajanagar,PM 10,45,Good
2026-10-04,Chandigarh,Chandigarh,PM 10,89,Satisfactory
2026-10-04,Maharashtra,Chandrapur,"PM , PM 2.5 10",166,Moderate
2026-10-04,Haryana,Charkhi Dadri,PM 2.5,144,Moderate
2026-10-04,Tamil Nadu,Chennai,PM 10,75,Satisfactory
2026-10-04,Karnataka,Chikkaballapur,PM 10,58,Satisfactory
2026-10-04,Andhra Pradesh,Chittoor,PM 2.5,76,Satisfactory
2026-10-04,Rajasthan,Chittorgarh,O 3,97,Satisfactory
2026-10-04,Rajasthan,Churu,PM 10,96,Satisfactory
2026-10-04,Tamil Nadu,Coimbatore,PM 2.5,69,Satisfactory
2026-10-04,Odisha,Cuttack,O 3,135,Moderate
2026-10-04,Madhya Pradesh,Damoh,PM 10,48,Good
2026-10-04,Rajasthan,Dausa,PM 10,139,Moderate
2026-10-04,Uttarakhand,Dehradun,PM 10,99,Satisfactory
2026-10-04,Delhi,Delhi,PM 10,187,Moderate
2026-10-04,Madhya Pradesh,Dewas,PM 10,120,Moderate
2026-10-04,Haryana,Dharuhera,PM 2.5,151,Moderate
2026-10-04,Karnataka,Dharwad,CO,68,Satisfactory
2026-10-04,Maharashtra,Dhule,PM 10,65,Satisfactory
2026-10-04,Maharashtra,Dombivli,PM 10,134,Moderate
2026-10-04,Rajasthan,Dungarpur,PM 10,60,Satisfactory
2026-10-04,West Bengal,Durgapur,"PM , CO, PM 2.5 10",99,Satisfactory
2026-10-04,Andhra Pradesh,Eluru,PM 10,61,Satisfactory
2026-10-04,Haryana,Faridabad,PM 10,224,Poor
2026-10-04,Haryana,Fatehabad,PM 10,121,Moderate
2026-10-04,Uttar Pradesh,Fatehpur Sikri,PM 10,132,Moderate
2026-10-04,Uttar Pradesh,Firozabad,PM 10,78,Satisfactory
2026-10-04,,Gajraula,PM 2.5,255,Poor
2026-10-04,Gujarat,Gandhinagar,"PM , PM 10 2.5",100,Satisfactory
2026-10-04,Sikkim,Gangtok,PM 2.5,43,Good
2026-10-04,Bihar,Gaya,"PM , PM 10 2.5",94,Satisfactory
2026-10-04,Uttar Pradesh,Ghaziabad,"PM , PM 2.5 10",248,Poor
2026-10-04,Uttar Pradesh,Gorakhpur,PM 10,140,Moderate
2026-10-04,Uttar Pradesh,Greater Noida,PM 2.5,171,Moderate
2026-10-04,Tamil Nadu,Gummidipoondi,PM 2.5,166,Moderate
2026-10-04,Andhra Pradesh,Guntur,PM 10,59,Satisfactory
2026-10-04,Haryana,Gurugram,PM 10,166,Moderate
2026-10-04,Assam,Guwahati,"PM , CO 2.5",73,Satisfactory
2026-10-04,Madhya Pradesh,Gwalior,"PM , O 10 3",111,Moderate
2026-10-04,Bihar,Hajipur,PM 2.5,125,Moderate
2026-10-04,West Bengal,Haldia,PM 10,105,Moderate
2026-10-04,Rajasthan,Hanumangarh,PM 10,103,Moderate
2026-10-04,Uttar Pradesh,Hapur,PM 2.5,222,Poor
2026-10-04,Maharashtra,Hingoli,PM 2.5,122,Moderate
2026-10-04,Haryana,Hisar,PM 2.5,138,Moderate
2026-10-04,West Bengal,Howrah,PM 2.5,141,Moderate
2026-10-04,Karnataka,Hubballi,PM 10,51,Satisfactory
2026-10-04,Telangana,Hyderabad,"PM , PM 10 2.5",73,Satisfactory
2026-10-04,Madhya Pradesh,Indore,"PM , PM 10 2.5",56,Satisfactory
2026-10-04,Madhya Pradesh,Jabalpur,PM 10,86,Satisfactory
2026-10-04,Rajasthan,Jaipur,"PM , NO2 10",105,Moderate
2026-10-04,Rajasthan,Jaisalmer,PM 10,110,Moderate
2026-10-04,Punjab,Jalandhar,PM 2.5,114,Moderate
2026-10-04,Maharashtra,Jalgaon,O 3,65,Satisfactory
2026-10-04,Maharashtra,Jalna,PM 10,113,Moderate
2026-10-04,Rajasthan,Jalore,PM 10,70,Satisfactory
2026-10-04,Rajasthan,Jhalawar,PM 10,92,Satisfactory
2026-10-04,Uttar Pradesh,Jhansi,PM 10,71,Satisfactory
2026-10-04,Rajasthan,Jhunjhunu,PM 10,93,Satisfactory
2026-10-04,Rajasthan,Jodhpur,PM 10,82,Satisfactory
2026-10-04,Jharkhand,Jorapokhar,PM 10,105,Moderate
2026-10-04,Andhra Pradesh,Kadapa,PM 2.5,64,Satisfactory
2026-10-04,Haryana,Kaithal,SO2,31,Good
2026-10-04,,Kakinada,CO,62,Satisfactory
2026-10-04,Karnataka,Kalaburagi,PM 10,40,Good
2026-10-04,Maharashtra,Kalyan,PM 10,94,Satisfactory
2026-10-04,Kerala,Kannur,PM 2.5,77,Satisfactory
2026-10-04,Uttar Pradesh,Kanpur,"PM , PM 2.5 10",117,Moderate
2026-10-04,Rajasthan,Karauli,O 3,60,Satisfactory
2026-10-04,Haryana,Karnal,PM 2.5,49,Good
2026-10-04,Uttarakhand,Kashipur,PM 2.5,98,Satisfactory
2026-10-04,Bihar,Katihar,CO,63,Satisfactory
2026-10-04,Odisha,Keonjhar,PM 10,86,Satisfactory
2026-10-04,Punjab,Khanna,PM 10,66,Satisfactory
2026-10-04,Uttar Pradesh,Khora,PM 2.5,187,Moderate
2026-10-04,Uttar Pradesh,Khurja,PM 10,151,Moderate
2026-10-04,Bihar,Kishanganj,PM 2.5,78,Satisfactory
2026-10-04,Nagaland,Kohima,SO2,61,Satisfactory
2026-10-04,Maharashtra,Kolhapur,"O , PM 3 10",49,Good
2026-10-04,West Bengal,Kolkata,PM 2.5,137,Moderate
2026-10-04,Chhattisgarh,Korba,PM 10,77,Satisfactory
2026-10-04,Rajasthan,Kota,PM 10,82,Satisfactory
2026-10-04,Chhattisgarh,Kunjemura,PM 10,89,Satisfactory
2026-10-04,,Kurnool,PM 2.5,50,Good
2026-10-04,Haryana,Kurukshetra,PM 10,166,Moderate
2026-10-04,Maharashtra,Latur,PM 10,77,Satisfactory
2026-10-04,Uttar Pradesh,Lucknow,"PM , PM 2.5 10",117,Moderate
2026-10-04,Punjab,Ludhiana,PM 10,104,Moderate
2026-10-04,Andhra Pradesh,Machilipatnam,PM 10,62,Satisfactory
2026-10-04,Karnataka,Madikeri,PM 2.5,50,Good
2026-10-04,Maharashtra,Mahad,PM 10,60,Satisfactory
2026-10-04,Madhya Pradesh,Maihar,NO2,81,Satisfactory
2026-10-04,Maharashtra,Malegaon,PM 10,65,Satisfactory
2026-10-04,Madhya Pradesh,Mandideep,PM 10,149,Moderate
2026-10-04,Punjab,Mandi Gobindgarh,PM 2.5,149,Moderate
2026-10-04,Haryana,Mandikhera,PM 10,51,Satisfactory
2026-10-04,Karnataka,Mangalore,PM 10,53,Satisfactory
2026-10-04,Bihar,Manguraha,PM 10,126,Moderate
2026-10-04,Uttar Pradesh,Mathura,PM 2.5,160,Moderate
2026-10-04,Uttar Pradesh,Meerut,"PM , PM 2.5 10",208,Poor
2026-10-04,Gujarat,Mehsana,PM 10,82,Satisfactory
2026-10-04,Chhattisgarh,Milupara,PM 10,84,Satisfactory
2026-10-04,Maharashtra,Mira-Bhayandar,PM 10,65,Satisfactory
2026-10-04,Uttar Pradesh,Modinagar,PM 2.5,210,Poor
2026-10-04,Uttar Pradesh,Moradabad,"PM , PM 2.5 10",180,Moderate
2026-10-04,Bihar,Motihari,PM 2.5,153,Moderate
2026-10-04,Maharashtra,Mumbai,PM 10,92,Satisfactory
2026-10-04,Uttar Pradesh,Muzaffarnagar,PM 10,196,Moderate
2026-10-04,Bihar,Muzaffarpur,"PM , O 2.5 3",95,Satisfactory
2026-10-04,Assam,Nagaon,PM 2.5,53,Satisfactory
2026-10-04,Rajasthan,Nagaur,PM 10,115,Moderate
2026-10-04,Maharashtra,Nagpur,PM 10,101,Moderate
2026-10-04,Arunachal Pradesh,Naharlagun,PM 10,39,Good
2026-10-04,Assam,Nalbari,PM 2.5,59,Satisfactory
2026-10-04,Maharashtra,Nanded,O 3,109,Moderate
2026-10-04,Gujarat,Nandesari,NO2,94,Satisfactory
2026-10-04,Haryana,Narnaul,PM 10,120,Moderate
2026-10-04,Maharashtra,Nashik,PM 10,79,Satisfactory
2026-10-04,Maharashtra,Navi Mumbai,"PM , PM 2.5 10",90,Satisfactory
2026-10-04,Andhra Pradesh,Nellore,PM 10,54,Satisfactory
2026-10-04,Uttar Pradesh,Noida,PM 10,281,Poor
2026-10-04,Rajasthan,Pali,PM 2.5,61,Satisfactory
2026-10-04,Jammu and Kashmir,Pampore,PM 10,73,Satisfactory
2026-10-04,Haryana,Panchgaon,O 3,54,Satisfactory
2026-10-04,Haryana,Panchkula,PM 2.5,63,Satisfactory
2026-10-04,,Paradeep,PM 10,144,Moderate
2026-10-04,Maharashtra,Parbhani,PM 10,136,Moderate
2026-10-04,Punjab,Patiala,PM 10,119,Moderate
2026-10-04,Bihar,Patna,"PM , PM 10 2.5",90,Satisfactory
2026-10-04,Maharashtra,Pimpri-Chinchwad,PM 10,99,Satisfactory
2026-10-04,Madhya Pradesh,Pithampur,PM 10,135,Moderate
2026-10-04,Rajasthan,Pratapgarh,PM 10,84,Satisfactory
2026-10-04,Uttar Pradesh,Prayagraj,PM 10,59,Satisfactory
2026-10-04,Puducherry,Puducherry,PM 2.5,46,Good
2026-10-04,Maharashtra,Pune,PM 10,94,Satisfactory
2026-10-04,Bihar,Purnia,PM 2.5,106,Moderate
2026-10-04,Uttar Pradesh,Raebareli,"CO, PM 10",73,Satisfactory
2026-10-04,Chhattisgarh,Raipur,PM 10,57,Satisfactory
2026-10-04,Odisha,Rairangpur,PM 10,111,Moderate
2026-10-04,Andhra Pradesh,Rajamahendravaram,PM 10,86,Satisfactory
2026-10-04,Bihar,Rajgir,CO,41,Good
2026-10-04,Gujarat,Rajkot,NO2,77,Satisfactory
2026-10-04,Rajasthan,Rajsamand,PM 10,57,Satisfactory
2026-10-04,Madhya Pradesh,Ratlam,PM 10,44,Good
2026-10-04,Uttarakhand,Rishikesh,CO,37,Good
2026-10-04,Haryana,Rohtak,PM 10,113,Moderate
2026-10-04,Odisha,Rourkela,PM 10,74,Satisfactory
2026-10-04,Punjab,Rupnagar,CO,57,Satisfactory
2026-10-04,Madhya Pradesh,Sagar,PM 10,81,Satisfactory
2026-10-04,Bihar,Saharsa,PM 10,268,Poor
2026-10-04,Bihar,Samastipur,PM 2.5,114,Moderate
2026-10-04,Maharashtra,Sangli,PM 10,79,Satisfactory
2026-10-04,Bihar,Sasaram,PM 10,168,Moderate
2026-10-04,Maharashtra,Satara,PM 10,101,Moderate
2026-10-04,Madhya Pradesh,Satna,PM 10,70,Satisfactory
2026-10-04,Rajasthan,Sawai Madhopur,PM 10,132,Moderate
2026-10-04,,Shamli,PM 2.5,212,Poor
2026-10-04,Meghalaya,Shillong,O 3,49,Good
2026-10-04,Rajasthan,Sikar,PM 10,130,Moderate
2026-10-04,Assam,Silchar,PM 2.5,47,Good
2026-10-04,West Bengal,Siliguri,PM 10,37,Good
2026-10-04,Rajasthan,Sirohi,O 3,69,Satisfactory
2026-10-04,Haryana,Sirsa,PM 10,166,Moderate
2026-10-04,Assam,Sivasagar,O 3,52,Satisfactory
2026-10-04,Bihar,Siwan,PM 10,78,Satisfactory
2026-10-04,Maharashtra,Solapur,"PM , PM 2.5 10",87,Satisfactory
2026-10-04,Haryana,Sonipat,PM 10,92,Satisfactory
2026-10-04,Rajasthan,Sri Ganganagar,PM 10,141,Moderate
2026-10-04,Jammu and Kashmir,Srinagar,PM 10,78,Satisfactory
2026-10-04,Gujarat,Surat,PM 10,115,Moderate
2026-10-04,Odisha,Talcher,PM 10,165,Moderate
2026-10-04,Odisha,Tensa,PM 10,109,Moderate
2026-10-04,Maharashtra,Thane,PM 10,87,Satisfactory
2026-10-04,Kerala,Thiruvananthapuram,PM 10,50,Good
2026-10-04,Tamil Nadu,Thoothukudi,PM 10,66,Satisfactory
2026-10-04,Andhra Pradesh,Tirumala,PM 10,63,Satisfactory
2026-10-04,Andhra Pradesh,Tirupati,PM 10,80,Satisfactory
2026-10-04,Rajasthan,Tonk,PM 10,134,Moderate
2026-10-04,Chhattisgarh,Tumidih,PM 10,87,Satisfactory
2026-10-04,Rajasthan,Udaipur,PM 10,108,Moderate
2026-10-04,Madhya Pradesh,Ujjain,O 3,92,Satisfactory
2026-10-04,Maharashtra,Ulhasnagar,"PM , PM 10 2.5",106,Moderate
2026-10-04,Gujarat,Vadodara,PM 10,100,Satisfactory
2026-10-04,Gujarat,Vapi,PM 10,63,Satisfactory
2026-10-04,Uttar Pradesh,Varanasi,"PM , PM 2.5 10",123,Moderate
2026-10-04,Gujarat,Vatva,CO,109,Moderate
2026-10-04,Andhra Pradesh,Vijayawada,"PM , CO 10",44,Good
2026-10-04,Maharashtra,Virar,PM 10,65,Satisfactory
2026-10-04,Uttar Pradesh,Vrindavan,"PM , PM 10 2.5",177,Moderate
2026-10-04,Karnataka,Yadgir,PM 10,97,Satisfactory
